{
    "__timestamp": "04/07/2024 at 16:29 06s",
    "__jobj": "<RuntimeJob('ct3b2d98t340008xhbag', 'sampler')>",
    "__ham": "SparsePauliOp(['ZZII', 'IZZI', 'IIZZ'],\n              coeffs=[1.+0.j, 1.+0.j, 1.+0.j])",
    "__name": "Dustin Seboldt",
    "__idm": "uv67ewyk",
    "__fake_backend": "fake_cairo",
    "__real_backend": "ibm_osaka",
    "__sv_counts": {
        "0000": 2,
        "0001": 8,
        "0010": 4,
        "0100": 5,
        "0101": 13,
        "0110": 19,
        "0111": 50,
        "1000": 619,
        "1001": 208,
        "1010": 43,
        "1011": 9,
        "1100": 9,
        "1101": 3,
        "1110": 5,
        "1111": 3
    },
    "__fake_counts": {
        "1001": 94,
        "0011": 41,
        "0000": 46,
        "1000": 139,
        "0110": 70,
        "0101": 52,
        "1010": 83,
        "0001": 36,
        "0111": 76,
        "0010": 51,
        "1011": 74,
        "0100": 63,
        "1111": 38,
        "1110": 42,
        "1101": 52,
        "1100": 43
    },
    "__real_counts": {
        "0110": 68,
        "0011": 63,
        "1110": 80,
        "0101": 62,
        "0000": 62,
        "1100": 78,
        "1011": 63,
        "1101": 72,
        "1000": 57,
        "1001": 53,
        "1111": 70,
        "0010": 51,
        "0001": 39,
        "1010": 50,
        "0111": 63,
        "0100": 69
    },
    "__target_phase": 0.522535170724314,
    "__correct_bitstring": "1000",
    "__sv_computed_phase": 0.5,
    "__sv_output_bitstring": "1000",
    "__fake_computed_phase": 0.5,
    "__fake_output_bitstring": "1000",
    "__real_computed_phase": 0.875,
    "__real_output_bitstring": "1110"
}