{
    "__timestamp": "04/07/2024 at 20:31 53s",
    "__jobj": "<RuntimeJob('ct3ekqe2tw9g008kttjg', 'sampler')>",
    "__ham": "SparsePauliOp(['ZZ'],\n              coeffs=[1.+0.j])",
    "__name": "Dustin Seboldt",
    "__idm": "uv67ewyk",
    "__fake_backend": "fake_cairo",
    "__real_backend": "ibm_osaka",
    "__sv_counts": {
        "000000": 1,
        "000010": 1,
        "000110": 1,
        "100011": 1,
        "101011": 1,
        "101111": 1,
        "110000": 1,
        "110001": 3,
        "110010": 4,
        "110011": 3,
        "110100": 13,
        "110101": 37,
        "110110": 902,
        "110111": 21,
        "111000": 5,
        "111001": 2,
        "111010": 1,
        "111011": 1,
        "111111": 1
    },
    "__fake_counts": {
        "111010": 56,
        "110010": 47,
        "000110": 28,
        "110111": 31,
        "000111": 4,
        "111001": 19,
        "101111": 7,
        "000011": 8,
        "110100": 26,
        "010000": 4,
        "110101": 44,
        "110110": 213,
        "111100": 12,
        "100010": 12,
        "111110": 33,
        "010101": 8,
        "010010": 16,
        "111000": 24,
        "000001": 3,
        "000010": 15,
        "100110": 26,
        "101100": 7,
        "110001": 11,
        "011110": 7,
        "101010": 28,
        "110011": 15,
        "111011": 12,
        "010110": 40,
        "010100": 6,
        "100111": 8,
        "011000": 3,
        "011010": 12,
        "001011": 14,
        "011011": 8,
        "011001": 4,
        "100011": 3,
        "101000": 12,
        "101011": 8,
        "001111": 1,
        "001000": 6,
        "100101": 7,
        "001101": 4,
        "100100": 5,
        "001100": 4,
        "101110": 20,
        "001010": 21,
        "011100": 6,
        "111101": 6,
        "000101": 10,
        "001110": 13,
        "100001": 5,
        "000100": 9,
        "010111": 10,
        "011111": 3,
        "001001": 4,
        "110000": 10,
        "000000": 1,
        "111111": 8,
        "101101": 3,
        "011101": 3,
        "100000": 1,
        "010011": 4,
        "101001": 1,
        "010001": 1
    },
    "__real_counts": {
        "100001": 15,
        "000000": 13,
        "010111": 16,
        "001111": 15,
        "110000": 15,
        "100101": 11,
        "110010": 22,
        "010010": 11,
        "001110": 14,
        "000100": 15,
        "111100": 27,
        "011100": 12,
        "000101": 14,
        "101100": 17,
        "110001": 21,
        "010011": 12,
        "110111": 21,
        "100011": 17,
        "100111": 22,
        "101011": 18,
        "111101": 15,
        "101110": 13,
        "001011": 13,
        "001100": 12,
        "001000": 14,
        "001001": 19,
        "000110": 21,
        "110011": 14,
        "011111": 14,
        "101010": 12,
        "110110": 19,
        "000111": 21,
        "100110": 15,
        "101111": 23,
        "111110": 23,
        "010101": 18,
        "101001": 13,
        "100100": 23,
        "010000": 15,
        "111010": 13,
        "010001": 22,
        "101101": 12,
        "001010": 11,
        "000001": 17,
        "011000": 10,
        "111000": 12,
        "111011": 18,
        "000010": 17,
        "100000": 15,
        "110101": 22,
        "011010": 13,
        "011110": 18,
        "101000": 12,
        "010100": 16,
        "000011": 14,
        "110100": 18,
        "011011": 14,
        "111111": 15,
        "011101": 11,
        "010110": 11,
        "111001": 15,
        "001101": 9,
        "100010": 12,
        "011001": 8
    },
    "__target_phase": 0.8408450569081046,
    "__correct_bitstring": "110110",
    "__sv_computed_phase": 0.84375,
    "__sv_output_bitstring": "110110",
    "__fake_computed_phase": 0.84375,
    "__fake_output_bitstring": "110110",
    "__real_computed_phase": 0.9375,
    "__real_output_bitstring": "111100"
}