{
    "__timestamp": "04/07/2024 at 20:33 30s",
    "__jobj": "<RuntimeJob('ct3ekqe2tw9g008kttjg', 'sampler')>",
    "__ham": "SparsePauliOp(['ZZ'],\n              coeffs=[1.+0.j])",
    "__name": "Dustin Seboldt",
    "__idm": "uv67ewyk",
    "__fake_backend": "fake_cairo",
    "__real_backend": "ibm_osaka",
    "__sv_counts": {
        "000000": 1,
        "010010": 1,
        "011011": 1,
        "100001": 1,
        "100100": 1,
        "100110": 1,
        "100111": 1,
        "101100": 1,
        "110000": 1,
        "110001": 3,
        "110010": 5,
        "110011": 4,
        "110100": 6,
        "110101": 31,
        "110110": 913,
        "110111": 17,
        "111000": 6,
        "111001": 6
    },
    "__fake_counts": {
        "110110": 220,
        "110010": 57,
        "110101": 54,
        "110111": 41,
        "110100": 33,
        "111010": 45,
        "000110": 19,
        "111100": 10,
        "001110": 8,
        "110011": 17,
        "001010": 32,
        "010110": 32,
        "011011": 4,
        "001111": 5,
        "101100": 9,
        "001000": 4,
        "101110": 22,
        "001011": 4,
        "111001": 10,
        "111011": 11,
        "101111": 7,
        "100000": 5,
        "000000": 5,
        "101000": 17,
        "000010": 17,
        "010010": 14,
        "101001": 7,
        "110000": 5,
        "111110": 23,
        "101011": 14,
        "101010": 35,
        "111000": 17,
        "100110": 25,
        "000100": 4,
        "011010": 10,
        "100001": 1,
        "010111": 8,
        "000001": 5,
        "000011": 6,
        "100011": 4,
        "110001": 7,
        "001101": 4,
        "111111": 7,
        "000111": 6,
        "010011": 1,
        "100100": 10,
        "011000": 9,
        "100111": 10,
        "000101": 6,
        "111101": 5,
        "011101": 8,
        "011111": 4,
        "100010": 8,
        "001001": 8,
        "011100": 2,
        "010101": 4,
        "010001": 3,
        "011110": 8,
        "001100": 4,
        "010100": 6,
        "100101": 4,
        "011001": 5,
        "010000": 2,
        "101101": 3
    },
    "__real_counts": {
        "100001": 15,
        "000000": 13,
        "010111": 16,
        "001111": 15,
        "110000": 15,
        "100101": 11,
        "110010": 22,
        "010010": 11,
        "001110": 14,
        "000100": 15,
        "111100": 27,
        "011100": 12,
        "000101": 14,
        "101100": 17,
        "110001": 21,
        "010011": 12,
        "110111": 21,
        "100011": 17,
        "100111": 22,
        "101011": 18,
        "111101": 15,
        "101110": 13,
        "001011": 13,
        "001100": 12,
        "001000": 14,
        "001001": 19,
        "000110": 21,
        "110011": 14,
        "011111": 14,
        "101010": 12,
        "110110": 19,
        "000111": 21,
        "100110": 15,
        "101111": 23,
        "111110": 23,
        "010101": 18,
        "101001": 13,
        "100100": 23,
        "010000": 15,
        "111010": 13,
        "010001": 22,
        "101101": 12,
        "001010": 11,
        "000001": 17,
        "011000": 10,
        "111000": 12,
        "111011": 18,
        "000010": 17,
        "100000": 15,
        "110101": 22,
        "011010": 13,
        "011110": 18,
        "101000": 12,
        "010100": 16,
        "000011": 14,
        "110100": 18,
        "011011": 14,
        "111111": 15,
        "011101": 11,
        "010110": 11,
        "111001": 15,
        "001101": 9,
        "100010": 12,
        "011001": 8
    },
    "__target_phase": 0.8408450569081046,
    "__correct_bitstring": "110110",
    "__sv_computed_phase": 0.84375,
    "__sv_output_bitstring": "110110",
    "__fake_computed_phase": 0.84375,
    "__fake_output_bitstring": "110110",
    "__real_computed_phase": 0.9375,
    "__real_output_bitstring": "111100"
}